"Ref","Side","Pins","TwoPadPitch_mm","PadX_mm","PadY_mm","Hole_mm"
"C1","B","2","2","1.41","1.35","0"
"C2","B","2","2","1.41","1.35","0"
"C3","B","2","2","1.41","1.35","0"
"C4","B","2","2","1.41","1.35","0"
"C5","B","2","2","1.41","1.35","0"
"C6","B","2","2","1.41","1.35","0"
"C7","B","2","2","1.41","1.35","0"
"C8","B","2","2","1.41","1.35","0"
"C9","B","2","2","1.41","1.35","0"
"C10","B","2","2","1.41","1.35","0"
"C11","T","2","2","1.41","1.35","0"
"C12","T","2","2","1.41","1.35","0"
"C13","T","2","3.1852","1.485","1.728","0"
"C14","T","2","3.1852","1.485","1.728","0"
"J1","T","2","2.54","1.8","1.8","1.1"
"J2","T","2","2.54","1.8","1.8","1.1"
"J3","T","2","2.54","1.8","1.8","1.1"
"J4","T","2","2.54","1.8","1.8","1.1"
"J5","T","2","2.54","1.8","1.8","1.1"
"J6","T","2","2.54","1.8","1.8","1.1"
"J7","T","2","2.54","1.8","1.8","1.1"
"J8","T","2","2.54","1.8","1.8","1.1"
"J9","T","2","2.54","1.8","1.8","1.1"
"R1","B","2","2","1.1325","1.377","0"
"R2","B","2","2","1.1325","1.377","0"
"R3","B","2","2","1.1325","1.377","0"
"R4","B","2","2","1.1325","1.377","0"
"R5","B","2","2","1.1325","1.377","0"
"R6","B","2","2","1.1325","1.377","0"
"R7","B","2","2","1.1325","1.377","0"
"R8","B","2","2","1.1325","1.377","0"
"R9","B","2","2","1.1325","1.377","0"
"R10","B","2","2","1.1325","1.377","0"
"R11","B","2","2","1.1325","1.377","0"
"R12","B","2","2","1.1325","1.377","0"
"R13","B","2","2","1.1325","1.377","0"
"R14","B","2","2","1.1325","1.377","0"
"R15","B","2","2","1.1325","1.377","0"
"R16","B","2","2","1.1325","1.377","0"
"R17","B","2","2","1.1325","1.377","0"
"R18","B","2","2","1.1325","1.377","0"
"R19","B","2","2","1.1325","1.377","0"
"R20","B","2","2","1.1325","1.377","0"
"SW1","T","3","","1.524","1.524","0.914"
"TP1","B","1","","2","2","0"
"TP2","T","1","","2","2","0"
"TP3","T","1","","2","2","0"
"TP4","T","1","","2","2","0"
"TP5","T","1","","2","2","0"
"U1","T","16","","1.8","1.8","1"
"U2","B","16","","0.602","1.971","0"
